[{"locatie":"Groningen (PV)"," werkloos":26," werkzaam":279},
{"locatie":"Friesland (PV)"," werkloos":24," werkzaam":308},
{"locatie":"Drenthe (PV)"," werkloos":17," werkzaam":231},
{"locatie":"Overijssel (PV)"," werkloos":40," werkzaam":559},
{"locatie":"Flevoland (PV)"," werkloos":16," werkzaam":198},
{"locatie":"Gelderland (PV)"," werkloos":68," werkzaam":997},
{"locatie":"Utrecht (PV)"," werkloos":44," werkzaam":644},
{"locatie":"Noord-Holland (PV)"," werkloos":97," werkzaam":1390},
{"locatie":"Zuid-Holland (PV)"," werkloos":145," werkzaam":1726},
{"locatie":"Zeeland (PV)"," werkloos":11," werkzaam":184},
{"locatie":"Noord-Brabant (PV)"," werkloos":87," werkzaam":1245},
{"locatie":"Limburg (PV)"," werkloos":38," werkzaam":534}]